{
  "ratings": {
    "triz-engine": 1022.24496338117,
    "vanilla-claude": 977.75503661883
  },
  "confidence_intervals": {
    "triz-engine": {
      "lower": 978.4522860768778,
      "median": 1021.5477139231222,
      "upper": 1036.8232775966724
    },
    "vanilla-claude": {
      "lower": 963.1767224033276,
      "median": 978.4522860768778,
      "upper": 1021.5477139231222
    }
  },
  "match_count": 4,
  "rankings": [
    [
      "triz-engine",
      1022.24496338117
    ],
    [
      "vanilla-claude",
      977.75503661883
    ]
  ]
}